ID_img,class
0.jpg,5
1.jpg,5
2.jpg,1
3.jpg,3
4.jpg,6
5.jpg,3
6.jpg,7
7.jpg,3
8.jpg,3
9.jpg,5
10.jpg,1
11.jpg,1
12.jpg,7
13.jpg,5
14.jpg,4
15.jpg,4
16.jpg,3
17.jpg,1
18.jpg,4
19.jpg,4
20.jpg,4
21.jpg,1
22.jpg,1
23.jpg,5
24.jpg,6
25.jpg,1
26.jpg,7
27.jpg,3
28.jpg,1
29.jpg,3
30.jpg,4
31.jpg,0
32.jpg,4
33.jpg,4
34.jpg,1
35.jpg,1
36.jpg,1
37.jpg,4
38.jpg,3
39.jpg,5
40.jpg,2
41.jpg,4
42.jpg,3
43.jpg,1
44.jpg,2
45.jpg,2
46.jpg,1
47.jpg,1
48.jpg,3
49.jpg,7
50.jpg,5
51.jpg,4
52.jpg,3
53.jpg,2
54.jpg,2
55.jpg,2
56.jpg,3
57.jpg,1
58.jpg,1
59.jpg,1
60.jpg,4
61.jpg,6
62.jpg,0
63.jpg,1
64.jpg,1
65.jpg,3
66.jpg,1
67.jpg,3
68.jpg,1
69.jpg,1
70.jpg,3
71.jpg,1
72.jpg,1
73.jpg,4
74.jpg,3
75.jpg,1
76.jpg,1
77.jpg,3
78.jpg,1
79.jpg,1
80.jpg,4
81.jpg,1
82.jpg,4
83.jpg,3
84.jpg,0
85.jpg,3
86.jpg,4
87.jpg,4
88.jpg,3
89.jpg,3
90.jpg,0
91.jpg,1
92.jpg,5
93.jpg,5
94.jpg,1
95.jpg,1
96.jpg,4
97.jpg,1
98.jpg,1
99.jpg,5
100.jpg,1
101.jpg,4
102.jpg,1
103.jpg,3
104.jpg,3
105.jpg,7
106.jpg,0
107.jpg,2
108.jpg,6
109.jpg,5
110.jpg,1
111.jpg,4
112.jpg,1
113.jpg,2
114.jpg,1
115.jpg,7
116.jpg,4
117.jpg,1
118.jpg,5
119.jpg,2
120.jpg,1
121.jpg,1
122.jpg,1
123.jpg,3
124.jpg,1
125.jpg,5
126.jpg,1
127.jpg,1
128.jpg,3
129.jpg,0
130.jpg,2
131.jpg,3
132.jpg,3
133.jpg,6
134.jpg,3
135.jpg,3
136.jpg,4
137.jpg,0
138.jpg,4
139.jpg,3
140.jpg,0
141.jpg,1
142.jpg,5
143.jpg,3
144.jpg,1
145.jpg,4
146.jpg,4
147.jpg,5
148.jpg,1
149.jpg,6
150.jpg,2
151.jpg,2
152.jpg,3
153.jpg,6
154.jpg,1
155.jpg,5
156.jpg,4
157.jpg,3
158.jpg,5
159.jpg,4
160.jpg,3
161.jpg,5
162.jpg,4
163.jpg,4
164.jpg,1
165.jpg,6
166.jpg,4
167.jpg,3
168.jpg,5
169.jpg,1
170.jpg,3
171.jpg,1
172.jpg,1
173.jpg,4
174.jpg,3
175.jpg,4
176.jpg,1
177.jpg,3
178.jpg,5
179.jpg,3
180.jpg,1
181.jpg,3
182.jpg,0
183.jpg,5
184.jpg,2
185.jpg,3
186.jpg,6
187.jpg,1
188.jpg,1
189.jpg,3
190.jpg,3
191.jpg,3
192.jpg,5
193.jpg,3
194.jpg,7
195.jpg,0
196.jpg,1
197.jpg,1
198.jpg,1
199.jpg,2
200.jpg,0
201.jpg,1
202.jpg,6
203.jpg,1
204.jpg,1
205.jpg,3
206.jpg,1
207.jpg,4
208.jpg,6
209.jpg,2
210.jpg,4
211.jpg,0
212.jpg,7
213.jpg,1
214.jpg,1
215.jpg,1
216.jpg,3
217.jpg,5
218.jpg,1
219.jpg,3
220.jpg,1
221.jpg,1
222.jpg,5
223.jpg,1
224.jpg,0
225.jpg,1
226.jpg,3
227.jpg,4
228.jpg,1
229.jpg,5
230.jpg,1
231.jpg,7
232.jpg,3
233.jpg,4
234.jpg,1
235.jpg,2
236.jpg,1
237.jpg,0
238.jpg,1
239.jpg,1
240.jpg,3
241.jpg,1
242.jpg,0
243.jpg,3
244.jpg,4
245.jpg,3
246.jpg,4
247.jpg,3
248.jpg,3
249.jpg,4
250.jpg,1
251.jpg,1
252.jpg,1
253.jpg,3
254.jpg,1
255.jpg,1
256.jpg,5
257.jpg,1
258.jpg,4
259.jpg,3
260.jpg,4
261.jpg,3
262.jpg,1
263.jpg,6
264.jpg,6
265.jpg,1
266.jpg,1
267.jpg,1
268.jpg,0
269.jpg,3
270.jpg,5
271.jpg,5
272.jpg,4
273.jpg,2
274.jpg,0
275.jpg,1
276.jpg,2
277.jpg,0
278.jpg,1
279.jpg,1
280.jpg,6
281.jpg,1
282.jpg,1
283.jpg,2
284.jpg,3
285.jpg,3
286.jpg,4
287.jpg,1
288.jpg,5
289.jpg,5
290.jpg,3
291.jpg,1
292.jpg,1
293.jpg,1
294.jpg,3
295.jpg,3
296.jpg,5
297.jpg,4
298.jpg,4
299.jpg,1
300.jpg,1
301.jpg,4
302.jpg,1
303.jpg,2
304.jpg,4
305.jpg,3
306.jpg,0
307.jpg,7
308.jpg,1
309.jpg,3
310.jpg,3
311.jpg,4
312.jpg,5
313.jpg,4
314.jpg,1
315.jpg,1
316.jpg,1
317.jpg,3
318.jpg,5
319.jpg,1
320.jpg,1
321.jpg,1
322.jpg,4
323.jpg,1
324.jpg,5
325.jpg,1
326.jpg,1
327.jpg,3
328.jpg,4
329.jpg,3
330.jpg,5
331.jpg,3
332.jpg,1
333.jpg,0
334.jpg,5
335.jpg,1
336.jpg,6
337.jpg,3
338.jpg,6
339.jpg,1
340.jpg,1
341.jpg,3
342.jpg,4
343.jpg,1
344.jpg,4
345.jpg,4
346.jpg,3
347.jpg,1
348.jpg,1
349.jpg,6
350.jpg,1
351.jpg,5
352.jpg,3
353.jpg,5
354.jpg,2
355.jpg,4
356.jpg,2
357.jpg,3
358.jpg,1
359.jpg,2
360.jpg,5
361.jpg,5
362.jpg,1
363.jpg,4
364.jpg,4
365.jpg,3
366.jpg,3
367.jpg,3
368.jpg,1
369.jpg,1
370.jpg,5
371.jpg,3
372.jpg,3
373.jpg,1
374.jpg,2
375.jpg,5
376.jpg,4
377.jpg,1
378.jpg,3
379.jpg,7
380.jpg,0
381.jpg,3
382.jpg,1
383.jpg,1
384.jpg,5
385.jpg,3
386.jpg,1
387.jpg,1
388.jpg,5
389.jpg,5
390.jpg,2
391.jpg,3
392.jpg,3
393.jpg,1
394.jpg,4
395.jpg,1
396.jpg,3
397.jpg,3
398.jpg,4
399.jpg,1
400.jpg,1
401.jpg,1
402.jpg,2
403.jpg,1
404.jpg,5
405.jpg,4
406.jpg,3
407.jpg,1
408.jpg,5
409.jpg,3
410.jpg,2
411.jpg,1
412.jpg,6
413.jpg,4
414.jpg,1
415.jpg,1
416.jpg,1
417.jpg,3
418.jpg,4
419.jpg,3
420.jpg,6
421.jpg,4
422.jpg,1
423.jpg,7
424.jpg,1
425.jpg,4
426.jpg,4
427.jpg,5
428.jpg,3
429.jpg,3
430.jpg,5
431.jpg,5
432.jpg,2
433.jpg,1
434.jpg,4
435.jpg,3
436.jpg,6
437.jpg,0
438.jpg,1
439.jpg,3
440.jpg,3
441.jpg,3
442.jpg,5
443.jpg,4
444.jpg,6
445.jpg,0
446.jpg,0
447.jpg,1
448.jpg,1
449.jpg,7
450.jpg,6
451.jpg,2
452.jpg,4
453.jpg,4
454.jpg,6
455.jpg,4
456.jpg,5
457.jpg,1
458.jpg,3
459.jpg,0
460.jpg,3
461.jpg,1
462.jpg,1
463.jpg,2
464.jpg,5
465.jpg,1
466.jpg,1
467.jpg,4
468.jpg,5
469.jpg,3
470.jpg,3
471.jpg,3
472.jpg,1
473.jpg,1
474.jpg,7
475.jpg,5
476.jpg,1
477.jpg,4
478.jpg,5
479.jpg,4
480.jpg,4
481.jpg,1
482.jpg,1
483.jpg,6
484.jpg,3
485.jpg,1
486.jpg,1
487.jpg,1
488.jpg,4
489.jpg,1
490.jpg,4
491.jpg,3
492.jpg,3
493.jpg,0
494.jpg,2
495.jpg,2
496.jpg,3
497.jpg,2
498.jpg,1
499.jpg,6
500.jpg,1
501.jpg,2
502.jpg,1
503.jpg,5
504.jpg,5
505.jpg,5
506.jpg,1
507.jpg,5
508.jpg,4
509.jpg,1
510.jpg,1
511.jpg,1
512.jpg,4
513.jpg,1
514.jpg,2
515.jpg,0
516.jpg,1
517.jpg,4
518.jpg,1
519.jpg,4
520.jpg,4
521.jpg,3
522.jpg,1
523.jpg,1
524.jpg,5
525.jpg,0
526.jpg,4
527.jpg,1
528.jpg,5
529.jpg,1
530.jpg,3
531.jpg,1
532.jpg,1
533.jpg,1
534.jpg,7
535.jpg,4
536.jpg,3
537.jpg,5
538.jpg,5
539.jpg,2
540.jpg,2
541.jpg,1
542.jpg,3
543.jpg,6
544.jpg,4
545.jpg,3
546.jpg,6
547.jpg,3
548.jpg,1
549.jpg,6
550.jpg,5
551.jpg,3
552.jpg,1
553.jpg,4
554.jpg,4
555.jpg,7
556.jpg,6
557.jpg,1
558.jpg,1
559.jpg,3
560.jpg,5
561.jpg,1
562.jpg,1
563.jpg,7
564.jpg,4
565.jpg,4
566.jpg,3
567.jpg,4
568.jpg,3
569.jpg,2
570.jpg,1
571.jpg,5
572.jpg,1
573.jpg,1
574.jpg,4
575.jpg,1
576.jpg,3
577.jpg,4
578.jpg,5
579.jpg,0
580.jpg,5
581.jpg,1
582.jpg,5
583.jpg,3
584.jpg,4
585.jpg,1
586.jpg,7
587.jpg,1
588.jpg,3
589.jpg,3
590.jpg,1
591.jpg,4
592.jpg,1
593.jpg,1
594.jpg,7
595.jpg,1
596.jpg,3
597.jpg,1
598.jpg,2
599.jpg,3
600.jpg,5
601.jpg,1
602.jpg,0
603.jpg,3
604.jpg,1
605.jpg,1
606.jpg,4
607.jpg,4
608.jpg,3
609.jpg,5
610.jpg,1
611.jpg,3
612.jpg,3
613.jpg,4
614.jpg,4
615.jpg,4
616.jpg,2
617.jpg,1
618.jpg,1
619.jpg,4
620.jpg,3
621.jpg,0
622.jpg,5
623.jpg,5
624.jpg,3
625.jpg,5
626.jpg,1
627.jpg,1
628.jpg,1
629.jpg,4
630.jpg,1
631.jpg,6
632.jpg,4
633.jpg,2
634.jpg,1
635.jpg,3
636.jpg,6
637.jpg,4
638.jpg,1
639.jpg,3
640.jpg,6
641.jpg,1
642.jpg,5
643.jpg,4
644.jpg,4
645.jpg,1
646.jpg,3
647.jpg,2
648.jpg,3
649.jpg,4
650.jpg,1
651.jpg,4
652.jpg,4
653.jpg,1
654.jpg,5
655.jpg,1
656.jpg,7
657.jpg,3
658.jpg,1
659.jpg,3
660.jpg,3
661.jpg,1
662.jpg,5
663.jpg,1
664.jpg,3
665.jpg,1
666.jpg,1
667.jpg,6
668.jpg,6
669.jpg,3
670.jpg,4
671.jpg,5
672.jpg,5
673.jpg,1
674.jpg,2
675.jpg,1
676.jpg,2
677.jpg,1
678.jpg,5
679.jpg,3
680.jpg,4
681.jpg,6
682.jpg,5
683.jpg,4
684.jpg,4
685.jpg,4
686.jpg,3
687.jpg,4
688.jpg,1
689.jpg,6
690.jpg,0
691.jpg,3
692.jpg,1
693.jpg,1
694.jpg,1
695.jpg,1
696.jpg,1
697.jpg,3
698.jpg,0
699.jpg,2
700.jpg,1
701.jpg,0
702.jpg,4
703.jpg,1
704.jpg,1
705.jpg,3
706.jpg,0
707.jpg,2
708.jpg,1
709.jpg,1
710.jpg,4
711.jpg,7
712.jpg,1
713.jpg,1
714.jpg,0
715.jpg,1
716.jpg,3
717.jpg,3
718.jpg,1
719.jpg,3
720.jpg,1
721.jpg,1
722.jpg,4
723.jpg,1
724.jpg,1
725.jpg,4
726.jpg,3
727.jpg,3
728.jpg,1
729.jpg,6
730.jpg,1
731.jpg,3
732.jpg,2
733.jpg,1
734.jpg,1
735.jpg,5
736.jpg,3
737.jpg,3
738.jpg,2
739.jpg,1
740.jpg,3
741.jpg,1
742.jpg,4
743.jpg,1
744.jpg,1
745.jpg,1
746.jpg,6
747.jpg,7
748.jpg,1
749.jpg,1
750.jpg,1
751.jpg,4
752.jpg,3
753.jpg,5
754.jpg,1
755.jpg,5
756.jpg,3
757.jpg,4
758.jpg,1
759.jpg,4
760.jpg,3
761.jpg,1
762.jpg,4
763.jpg,3
764.jpg,3
765.jpg,1
766.jpg,6
767.jpg,1
768.jpg,0
769.jpg,0
770.jpg,7
771.jpg,1
772.jpg,5
773.jpg,0
774.jpg,4
775.jpg,1
776.jpg,4
777.jpg,5
778.jpg,3
779.jpg,1
780.jpg,5
781.jpg,0
782.jpg,1
783.jpg,6
784.jpg,1
785.jpg,3
786.jpg,1
787.jpg,1
788.jpg,1
789.jpg,0
790.jpg,1
791.jpg,6
792.jpg,4
793.jpg,1
794.jpg,6
795.jpg,1
796.jpg,4
797.jpg,1
798.jpg,4
799.jpg,6
800.jpg,3
801.jpg,3
802.jpg,3
803.jpg,4
804.jpg,3
805.jpg,5
806.jpg,4
807.jpg,0
808.jpg,7
809.jpg,4
810.jpg,4
811.jpg,3
812.jpg,3
813.jpg,1
814.jpg,5
815.jpg,1
816.jpg,7
817.jpg,3
818.jpg,0
819.jpg,1
820.jpg,5
821.jpg,3
822.jpg,3
823.jpg,2
824.jpg,3
825.jpg,4
826.jpg,1
827.jpg,1
828.jpg,3
829.jpg,7
830.jpg,3
831.jpg,1
832.jpg,3
833.jpg,4
834.jpg,0
835.jpg,1
836.jpg,3
837.jpg,1
838.jpg,1
839.jpg,1
840.jpg,5
841.jpg,3
842.jpg,4
843.jpg,5
844.jpg,0
845.jpg,4
846.jpg,5
847.jpg,7
848.jpg,1
849.jpg,3
850.jpg,5
851.jpg,6
852.jpg,1
853.jpg,7
854.jpg,3
855.jpg,1
856.jpg,1
857.jpg,4
858.jpg,4
859.jpg,3
860.jpg,3
861.jpg,3
862.jpg,2
863.jpg,4
864.jpg,4
865.jpg,4
866.jpg,1
867.jpg,1
868.jpg,4
869.jpg,4
870.jpg,3
871.jpg,4
872.jpg,1
873.jpg,1
874.jpg,4
875.jpg,3
876.jpg,6
877.jpg,5
878.jpg,1
879.jpg,3
880.jpg,1
881.jpg,1
882.jpg,3
883.jpg,1
884.jpg,4
885.jpg,1
886.jpg,1
887.jpg,0
888.jpg,5
889.jpg,3
890.jpg,4
891.jpg,4
892.jpg,3
893.jpg,5
894.jpg,3
895.jpg,4
896.jpg,0
897.jpg,2
898.jpg,1
899.jpg,5
900.jpg,7
901.jpg,7
902.jpg,3
903.jpg,5
904.jpg,3
905.jpg,5
906.jpg,5
907.jpg,1
908.jpg,2
909.jpg,3
910.jpg,7
911.jpg,1
912.jpg,1
913.jpg,3
914.jpg,3
915.jpg,1
916.jpg,1
917.jpg,7
918.jpg,1
919.jpg,0
920.jpg,5
921.jpg,1
922.jpg,1
923.jpg,6
924.jpg,1
925.jpg,1
926.jpg,1
927.jpg,5
928.jpg,3
929.jpg,3
930.jpg,1
931.jpg,5
932.jpg,0
933.jpg,1
934.jpg,1
935.jpg,3
936.jpg,0
937.jpg,5
938.jpg,1
939.jpg,6
940.jpg,2
941.jpg,1
942.jpg,6
943.jpg,4
944.jpg,3
945.jpg,0
946.jpg,1
947.jpg,4
948.jpg,1
949.jpg,2
950.jpg,1
951.jpg,1
952.jpg,5
953.jpg,5
954.jpg,1
955.jpg,5
956.jpg,4
957.jpg,3
958.jpg,1
959.jpg,3
960.jpg,6
961.jpg,1
962.jpg,0
963.jpg,6
964.jpg,3
965.jpg,5
966.jpg,5
967.jpg,1
968.jpg,4
969.jpg,5
970.jpg,4
971.jpg,4
972.jpg,6
973.jpg,3
974.jpg,3
975.jpg,6
976.jpg,4
977.jpg,4
978.jpg,1
979.jpg,1
980.jpg,3
981.jpg,3
982.jpg,3
983.jpg,4
984.jpg,2
985.jpg,7
986.jpg,5
987.jpg,3
988.jpg,3
989.jpg,3
990.jpg,5
991.jpg,0
992.jpg,5
993.jpg,4
994.jpg,1
995.jpg,6
996.jpg,4
997.jpg,1
998.jpg,3
999.jpg,1
1000.jpg,5
1001.jpg,1
1002.jpg,3
1003.jpg,0
1004.jpg,7
1005.jpg,3
1006.jpg,1
1007.jpg,1
1008.jpg,3
1009.jpg,3
1010.jpg,6
1011.jpg,2
1012.jpg,4
1013.jpg,1
1014.jpg,1
1015.jpg,5
1016.jpg,4
1017.jpg,4
1018.jpg,4
1019.jpg,0
1020.jpg,3
1021.jpg,4
1022.jpg,3
1023.jpg,1
1024.jpg,1
1025.jpg,1
1026.jpg,3
1027.jpg,3
1028.jpg,1
1029.jpg,5
1030.jpg,4
1031.jpg,4
1032.jpg,2
1033.jpg,1
1034.jpg,5
1035.jpg,3
1036.jpg,6
1037.jpg,5
1038.jpg,3
1039.jpg,2
1040.jpg,1
1041.jpg,1
1042.jpg,3
1043.jpg,1
1044.jpg,6
1045.jpg,1
1046.jpg,4
1047.jpg,1
1048.jpg,0
1049.jpg,7
1050.jpg,1
1051.jpg,2
1052.jpg,1
1053.jpg,5
1054.jpg,2
1055.jpg,6
1056.jpg,0
1057.jpg,1
1058.jpg,4
1059.jpg,0
1060.jpg,3
1061.jpg,3
1062.jpg,3
1063.jpg,1
1064.jpg,1
1065.jpg,1
1066.jpg,0
1067.jpg,3
1068.jpg,1
1069.jpg,3
1070.jpg,3
1071.jpg,3
1072.jpg,1
1073.jpg,3
1074.jpg,2
1075.jpg,1
1076.jpg,5
1077.jpg,1
1078.jpg,3
1079.jpg,4
1080.jpg,5
1081.jpg,1
1082.jpg,7
1083.jpg,5
1084.jpg,7
1085.jpg,6
1086.jpg,1
1087.jpg,6
1088.jpg,1
1089.jpg,5
1090.jpg,6
1091.jpg,1
1092.jpg,1
1093.jpg,1
1094.jpg,3
1095.jpg,0
1096.jpg,5
1097.jpg,2
1098.jpg,4
1099.jpg,3
1100.jpg,6
1101.jpg,2
1102.jpg,3
1103.jpg,6
1104.jpg,5
1105.jpg,5
1106.jpg,1
1107.jpg,3
1108.jpg,1
1109.jpg,3
1110.jpg,2
1111.jpg,4
1112.jpg,1
1113.jpg,1
1114.jpg,3
1115.jpg,3
1116.jpg,4
1117.jpg,4
1118.jpg,4
1119.jpg,1
1120.jpg,4
1121.jpg,1
1122.jpg,1
1123.jpg,1
1124.jpg,1
1125.jpg,4
1126.jpg,0
1127.jpg,4
1128.jpg,1
1129.jpg,1
1130.jpg,1
1131.jpg,5
1132.jpg,6
1133.jpg,1
1134.jpg,3
1135.jpg,6
1136.jpg,3
1137.jpg,4
1138.jpg,1
1139.jpg,1
1140.jpg,3
1141.jpg,4
1142.jpg,1
1143.jpg,5
1144.jpg,0
1145.jpg,5
1146.jpg,5
1147.jpg,1
1148.jpg,4
1149.jpg,2
1150.jpg,1
1151.jpg,5
1152.jpg,1
1153.jpg,1
1154.jpg,4
1155.jpg,1
1156.jpg,4
1157.jpg,1
1158.jpg,7
1159.jpg,1
1160.jpg,7
1161.jpg,5
1162.jpg,4
1163.jpg,2
1164.jpg,1
1165.jpg,1
1166.jpg,1
1167.jpg,0
1168.jpg,5
1169.jpg,1
1170.jpg,5
1171.jpg,3
1172.jpg,4
1173.jpg,3
1174.jpg,2
1175.jpg,4
1176.jpg,4
1177.jpg,3
1178.jpg,1
1179.jpg,1
1180.jpg,6
1181.jpg,1
1182.jpg,3
1183.jpg,3
1184.jpg,3
1185.jpg,4
1186.jpg,1
1187.jpg,4
1188.jpg,1
1189.jpg,1
1190.jpg,4
1191.jpg,1
1192.jpg,1
1193.jpg,7
1194.jpg,3
1195.jpg,1
1196.jpg,4
1197.jpg,2
1198.jpg,3
1199.jpg,1
1200.jpg,1
1201.jpg,1
1202.jpg,1
1203.jpg,2
1204.jpg,4
1205.jpg,6
1206.jpg,1
1207.jpg,1
1208.jpg,1
1209.jpg,4
1210.jpg,1
1211.jpg,3
1212.jpg,4
1213.jpg,1
1214.jpg,3
1215.jpg,3
1216.jpg,4
1217.jpg,1
1218.jpg,6
1219.jpg,1
1220.jpg,0
1221.jpg,4
1222.jpg,3
1223.jpg,3
1224.jpg,3
1225.jpg,4
1226.jpg,5
1227.jpg,6
1228.jpg,4
1229.jpg,3
1230.jpg,2
1231.jpg,2
1232.jpg,3
1233.jpg,7
1234.jpg,3
1235.jpg,1
1236.jpg,7
1237.jpg,1
1238.jpg,1
1239.jpg,4
1240.jpg,1
1241.jpg,3
1242.jpg,0
1243.jpg,3
1244.jpg,4
1245.jpg,3
1246.jpg,3
1247.jpg,1
1248.jpg,2
1249.jpg,6
1250.jpg,3
1251.jpg,0
1252.jpg,0
1253.jpg,3
1254.jpg,0
1255.jpg,4
1256.jpg,1
1257.jpg,1
1258.jpg,1
1259.jpg,3
1260.jpg,3
1261.jpg,1
1262.jpg,1
1263.jpg,5
1264.jpg,1
1265.jpg,0
1266.jpg,5
1267.jpg,1
1268.jpg,2
1269.jpg,6
1270.jpg,3
1271.jpg,2
1272.jpg,4
1273.jpg,1
1274.jpg,1
1275.jpg,3
1276.jpg,5
1277.jpg,3
1278.jpg,1
1279.jpg,3
1280.jpg,3
1281.jpg,4
1282.jpg,4
1283.jpg,4
1284.jpg,1
1285.jpg,1
1286.jpg,2
1287.jpg,5
1288.jpg,1
1289.jpg,6
1290.jpg,4
1291.jpg,1
1292.jpg,4
1293.jpg,3
1294.jpg,1
1295.jpg,3
1296.jpg,2
1297.jpg,3
1298.jpg,3
1299.jpg,1
1300.jpg,0
1301.jpg,5
1302.jpg,5
1303.jpg,5
1304.jpg,3
1305.jpg,1
1306.jpg,4
1307.jpg,3
1308.jpg,5
1309.jpg,3
1310.jpg,3
1311.jpg,0
1312.jpg,1
1313.jpg,3
1314.jpg,1
1315.jpg,3
1316.jpg,5
1317.jpg,1
1318.jpg,3
1319.jpg,3
1320.jpg,3
1321.jpg,1
1322.jpg,4
1323.jpg,6
1324.jpg,0
1325.jpg,4
1326.jpg,0
1327.jpg,4
1328.jpg,2
1329.jpg,4
1330.jpg,5
1331.jpg,4
1332.jpg,1
1333.jpg,1
1334.jpg,0
1335.jpg,7
1336.jpg,1
1337.jpg,2
1338.jpg,1
1339.jpg,1
1340.jpg,2
1341.jpg,3
1342.jpg,4
1343.jpg,5
1344.jpg,4
1345.jpg,2
1346.jpg,5
1347.jpg,3
1348.jpg,4
1349.jpg,0
1350.jpg,4
1351.jpg,1
1352.jpg,1
1353.jpg,6
1354.jpg,5
1355.jpg,5
1356.jpg,1
1357.jpg,0
1358.jpg,4
1359.jpg,1
1360.jpg,7
1361.jpg,5
1362.jpg,0
1363.jpg,5
1364.jpg,6
1365.jpg,5
1366.jpg,1
1367.jpg,3
1368.jpg,3
1369.jpg,0
1370.jpg,1
1371.jpg,4
1372.jpg,1
1373.jpg,0
1374.jpg,1
1375.jpg,1
1376.jpg,3
1377.jpg,3
1378.jpg,1
1379.jpg,1
1380.jpg,1
1381.jpg,1
1382.jpg,5
1383.jpg,3
1384.jpg,3
1385.jpg,1
1386.jpg,5
1387.jpg,3
1388.jpg,5
1389.jpg,1
1390.jpg,3
1391.jpg,4
1392.jpg,0
1393.jpg,5
1394.jpg,5
1395.jpg,5
1396.jpg,3
1397.jpg,2
1398.jpg,3
1399.jpg,0
1400.jpg,3
1401.jpg,3
1402.jpg,7
1403.jpg,3
1404.jpg,1
1405.jpg,3
1406.jpg,0
1407.jpg,7
1408.jpg,2
1409.jpg,1
1410.jpg,4
1411.jpg,1
1412.jpg,0
1413.jpg,4
1414.jpg,0
1415.jpg,2
1416.jpg,3
1417.jpg,5
1418.jpg,3
1419.jpg,4
1420.jpg,0
1421.jpg,1
1422.jpg,0
1423.jpg,3
1424.jpg,1
1425.jpg,2
1426.jpg,2
1427.jpg,5
1428.jpg,6
1429.jpg,4
1430.jpg,5
1431.jpg,7
1432.jpg,6
1433.jpg,1
1434.jpg,4
1435.jpg,1
1436.jpg,3
1437.jpg,3
1438.jpg,1
1439.jpg,3
1440.jpg,2
1441.jpg,1
1442.jpg,1
1443.jpg,3
1444.jpg,1
1445.jpg,5
1446.jpg,6
1447.jpg,1
1448.jpg,3
1449.jpg,1
1450.jpg,2
1451.jpg,7
1452.jpg,2
1453.jpg,4
1454.jpg,6
1455.jpg,1
1456.jpg,0
1457.jpg,3
1458.jpg,1
1459.jpg,6
1460.jpg,4
1461.jpg,6
1462.jpg,1
1463.jpg,1
1464.jpg,7
1465.jpg,1
1466.jpg,4
1467.jpg,1
1468.jpg,4
1469.jpg,1
1470.jpg,1
1471.jpg,6
1472.jpg,4
1473.jpg,3
1474.jpg,5
1475.jpg,1
1476.jpg,5
1477.jpg,1
1478.jpg,1
1479.jpg,6
1480.jpg,5
1481.jpg,1
1482.jpg,3
1483.jpg,7
1484.jpg,6
1485.jpg,1
1486.jpg,6
1487.jpg,1
1488.jpg,1
1489.jpg,4
1490.jpg,4
1491.jpg,1
1492.jpg,1
1493.jpg,1
1494.jpg,0
1495.jpg,0
1496.jpg,5
1497.jpg,1
1498.jpg,1
1499.jpg,3
1500.jpg,3
1501.jpg,5
1502.jpg,2
1503.jpg,3
1504.jpg,5
1505.jpg,7
1506.jpg,4
1507.jpg,1
1508.jpg,1
1509.jpg,4
1510.jpg,3
1511.jpg,5
1512.jpg,1
1513.jpg,1
1514.jpg,1
1515.jpg,3
1516.jpg,4
1517.jpg,6
1518.jpg,4
1519.jpg,1
1520.jpg,3
1521.jpg,4
1522.jpg,4
1523.jpg,3
1524.jpg,1
1525.jpg,3
1526.jpg,1
1527.jpg,4
1528.jpg,6
1529.jpg,2
1530.jpg,7
1531.jpg,2
1532.jpg,3
1533.jpg,3
1534.jpg,4
1535.jpg,6
1536.jpg,5
1537.jpg,2
1538.jpg,0
1539.jpg,3
1540.jpg,7
1541.jpg,5
1542.jpg,4
1543.jpg,1
1544.jpg,4
1545.jpg,2
1546.jpg,2
1547.jpg,0
1548.jpg,1
1549.jpg,6
1550.jpg,5
1551.jpg,2
1552.jpg,0
1553.jpg,5
1554.jpg,1
1555.jpg,5
1556.jpg,1
1557.jpg,1
1558.jpg,0
1559.jpg,2
1560.jpg,6
1561.jpg,4
1562.jpg,1
1563.jpg,2
1564.jpg,2
1565.jpg,6
1566.jpg,4
1567.jpg,5
1568.jpg,4
1569.jpg,4
1570.jpg,3
1571.jpg,5
1572.jpg,1
1573.jpg,1
1574.jpg,4
1575.jpg,1
1576.jpg,3
1577.jpg,1
1578.jpg,6
1579.jpg,1
1580.jpg,1
1581.jpg,0
1582.jpg,6
1583.jpg,4
1584.jpg,1
1585.jpg,1
1586.jpg,3
1587.jpg,5
1588.jpg,6
1589.jpg,3
1590.jpg,4
1591.jpg,1
1592.jpg,1
1593.jpg,0
1594.jpg,4
1595.jpg,3
1596.jpg,1
1597.jpg,5
1598.jpg,1
1599.jpg,1
1600.jpg,0
1601.jpg,1
1602.jpg,4
1603.jpg,1
1604.jpg,3
1605.jpg,5
1606.jpg,1
1607.jpg,0
1608.jpg,1
1609.jpg,0
1610.jpg,5
1611.jpg,6
1612.jpg,7
1613.jpg,4
1614.jpg,3
1615.jpg,5
1616.jpg,4
1617.jpg,4
1618.jpg,1
1619.jpg,4
1620.jpg,5
1621.jpg,4
1622.jpg,1
1623.jpg,1
1624.jpg,1
1625.jpg,4
1626.jpg,1
1627.jpg,1
1628.jpg,4
1629.jpg,0
1630.jpg,2
1631.jpg,4
1632.jpg,4
1633.jpg,4
1634.jpg,4
1635.jpg,3
1636.jpg,4
1637.jpg,4
1638.jpg,1
1639.jpg,3
1640.jpg,3
1641.jpg,1
1642.jpg,1
1643.jpg,4
1644.jpg,0
1645.jpg,3
1646.jpg,1
1647.jpg,5
1648.jpg,1
1649.jpg,1
1650.jpg,2
1651.jpg,1
1652.jpg,1
1653.jpg,1
1654.jpg,0
1655.jpg,3
1656.jpg,5
1657.jpg,0
1658.jpg,0
1659.jpg,4
1660.jpg,2
1661.jpg,5
1662.jpg,1
1663.jpg,0
1664.jpg,4
1665.jpg,3
1666.jpg,1
1667.jpg,4
1668.jpg,5
1669.jpg,1
1670.jpg,5
1671.jpg,1
1672.jpg,1
1673.jpg,1
1674.jpg,3
1675.jpg,3
1676.jpg,3
1677.jpg,2
1678.jpg,0
1679.jpg,3
1680.jpg,3
1681.jpg,1
1682.jpg,2
1683.jpg,1
1684.jpg,4
1685.jpg,2
1686.jpg,0
1687.jpg,1
1688.jpg,5
1689.jpg,3
1690.jpg,2
1691.jpg,1
1692.jpg,1
1693.jpg,3
1694.jpg,1
1695.jpg,2
1696.jpg,6
1697.jpg,2
1698.jpg,4
1699.jpg,5
1700.jpg,1
1701.jpg,6
1702.jpg,1
1703.jpg,1
1704.jpg,1
1705.jpg,3
1706.jpg,1
1707.jpg,2
1708.jpg,1
1709.jpg,2
1710.jpg,2
1711.jpg,4
1712.jpg,1
1713.jpg,7
1714.jpg,0
1715.jpg,2
1716.jpg,1
1717.jpg,2
1718.jpg,5
1719.jpg,5
1720.jpg,6
1721.jpg,0
1722.jpg,5
1723.jpg,1
1724.jpg,0
1725.jpg,3
1726.jpg,4
1727.jpg,1
1728.jpg,5
1729.jpg,1
1730.jpg,1
1731.jpg,1
1732.jpg,6
1733.jpg,1
1734.jpg,2
1735.jpg,1
1736.jpg,1
1737.jpg,1
1738.jpg,1
1739.jpg,3
1740.jpg,6
1741.jpg,2
1742.jpg,4
1743.jpg,1
1744.jpg,5
1745.jpg,2
1746.jpg,2
1747.jpg,4
1748.jpg,5
1749.jpg,3
1750.jpg,0
1751.jpg,1
1752.jpg,1
1753.jpg,4
1754.jpg,4
1755.jpg,2
1756.jpg,3
1757.jpg,3
1758.jpg,7
1759.jpg,1
1760.jpg,5
1761.jpg,0
1762.jpg,3
1763.jpg,1
1764.jpg,3
1765.jpg,3
1766.jpg,0
1767.jpg,1
1768.jpg,0
1769.jpg,0
1770.jpg,1
1771.jpg,7
1772.jpg,6
1773.jpg,1
1774.jpg,2
1775.jpg,7
1776.jpg,1
1777.jpg,3
1778.jpg,0
1779.jpg,4
1780.jpg,1
1781.jpg,1
1782.jpg,1
1783.jpg,7
1784.jpg,1
1785.jpg,4
1786.jpg,4
1787.jpg,2
1788.jpg,4
1789.jpg,5
1790.jpg,1
1791.jpg,1
1792.jpg,2
1793.jpg,1
1794.jpg,1
1795.jpg,5
1796.jpg,1
1797.jpg,5
1798.jpg,3
1799.jpg,1
1800.jpg,2
1801.jpg,1
1802.jpg,3
1803.jpg,3
1804.jpg,5
1805.jpg,3
1806.jpg,3
1807.jpg,0
1808.jpg,3
1809.jpg,4
1810.jpg,3
1811.jpg,4
1812.jpg,3
1813.jpg,3
1814.jpg,0
1815.jpg,4
1816.jpg,0
1817.jpg,3
1818.jpg,1
1819.jpg,1
1820.jpg,3
1821.jpg,4
1822.jpg,1
1823.jpg,6
1824.jpg,1
1825.jpg,1
1826.jpg,4
1827.jpg,2
1828.jpg,4
1829.jpg,5
1830.jpg,5
1831.jpg,1
1832.jpg,3
1833.jpg,3
1834.jpg,4
1835.jpg,4
1836.jpg,1
1837.jpg,7
1838.jpg,6
1839.jpg,1
1840.jpg,1
1841.jpg,1
1842.jpg,4
1843.jpg,0
1844.jpg,4
1845.jpg,3
1846.jpg,5
1847.jpg,1
1848.jpg,1
1849.jpg,2
1850.jpg,1
1851.jpg,1
1852.jpg,3
1853.jpg,1
1854.jpg,4
1855.jpg,5
1856.jpg,2
1857.jpg,5
1858.jpg,4
1859.jpg,1
1860.jpg,3
1861.jpg,3
1862.jpg,4
1863.jpg,1
1864.jpg,3
1865.jpg,1
1866.jpg,4
1867.jpg,5
1868.jpg,0
1869.jpg,1
1870.jpg,1
1871.jpg,3
1872.jpg,4
1873.jpg,5
1874.jpg,3
1875.jpg,2
1876.jpg,1
1877.jpg,5
1878.jpg,1
1879.jpg,1
1880.jpg,3
1881.jpg,3
1882.jpg,4
1883.jpg,1
1884.jpg,1
1885.jpg,1
1886.jpg,1
1887.jpg,1
1888.jpg,1
1889.jpg,4
1890.jpg,4
1891.jpg,1
1892.jpg,3
1893.jpg,0
1894.jpg,1
1895.jpg,0
1896.jpg,4
1897.jpg,1
1898.jpg,3
1899.jpg,3
1900.jpg,3
1901.jpg,3
1902.jpg,2
1903.jpg,7
1904.jpg,2
1905.jpg,3
1906.jpg,1
1907.jpg,1
1908.jpg,1
1909.jpg,3
1910.jpg,4
1911.jpg,3
1912.jpg,4
1913.jpg,6
1914.jpg,3
1915.jpg,1
1916.jpg,2
1917.jpg,6
1918.jpg,5
1919.jpg,4
1920.jpg,1
1921.jpg,6
1922.jpg,5
1923.jpg,6
1924.jpg,2
1925.jpg,3
1926.jpg,3
1927.jpg,5
1928.jpg,5
1929.jpg,4
1930.jpg,0
1931.jpg,3
1932.jpg,5
1933.jpg,1
1934.jpg,1
1935.jpg,1
1936.jpg,1
1937.jpg,3
1938.jpg,0
1939.jpg,1
1940.jpg,4
1941.jpg,1
1942.jpg,4
1943.jpg,4
1944.jpg,3
1945.jpg,6
1946.jpg,1
1947.jpg,6
1948.jpg,0
1949.jpg,4
1950.jpg,1
1951.jpg,5
1952.jpg,5
1953.jpg,4
1954.jpg,1
1955.jpg,3
1956.jpg,4
1957.jpg,4
1958.jpg,4
1959.jpg,4
1960.jpg,7
1961.jpg,4
1962.jpg,1
1963.jpg,1
1964.jpg,3
1965.jpg,7
1966.jpg,3
1967.jpg,4
1968.jpg,1
1969.jpg,4
1970.jpg,3
1971.jpg,4
1972.jpg,0
1973.jpg,6
1974.jpg,6
1975.jpg,3
1976.jpg,5
1977.jpg,2
1978.jpg,3
1979.jpg,3
1980.jpg,4
1981.jpg,2
1982.jpg,7
1983.jpg,2
1984.jpg,3
1985.jpg,7
1986.jpg,1
1987.jpg,6
1988.jpg,4
1989.jpg,0
1990.jpg,2
1991.jpg,1
1992.jpg,7
1993.jpg,1
1994.jpg,2
1995.jpg,1
1996.jpg,2
1997.jpg,1
1998.jpg,4
1999.jpg,6
2000.jpg,5
2001.jpg,7
2002.jpg,1
2003.jpg,3
2004.jpg,2
2005.jpg,1
2006.jpg,6
2007.jpg,1
2008.jpg,3
2009.jpg,4
2010.jpg,1
2011.jpg,6
2012.jpg,2
2013.jpg,4
2014.jpg,4
2015.jpg,7
2016.jpg,5
2017.jpg,2
2018.jpg,4
2019.jpg,1
2020.jpg,5
2021.jpg,1
2022.jpg,7
2023.jpg,1
2024.jpg,6
2025.jpg,4
2026.jpg,1
2027.jpg,2
2028.jpg,0
2029.jpg,1
2030.jpg,1
2031.jpg,4
2032.jpg,6
2033.jpg,2
2034.jpg,1
2035.jpg,4
2036.jpg,1
2037.jpg,1
2038.jpg,5
2039.jpg,2
2040.jpg,6
2041.jpg,0
2042.jpg,1
2043.jpg,1
2044.jpg,3
2045.jpg,3
2046.jpg,1
2047.jpg,1
2048.jpg,1
2049.jpg,0
2050.jpg,2
2051.jpg,1
2052.jpg,7
2053.jpg,5
2054.jpg,3
2055.jpg,3
2056.jpg,3
2057.jpg,1
2058.jpg,3
2059.jpg,0
2060.jpg,4
2061.jpg,4
2062.jpg,4
2063.jpg,1
2064.jpg,1
2065.jpg,5
2066.jpg,3
2067.jpg,1
2068.jpg,4
2069.jpg,1
2070.jpg,5
2071.jpg,4
2072.jpg,1
2073.jpg,4
2074.jpg,1
2075.jpg,1
2076.jpg,5
2077.jpg,1
2078.jpg,3
2079.jpg,5
2080.jpg,6
2081.jpg,1
2082.jpg,1
2083.jpg,7
2084.jpg,2
2085.jpg,1
2086.jpg,4
2087.jpg,3
2088.jpg,1
2089.jpg,1
2090.jpg,1
2091.jpg,4
2092.jpg,1
2093.jpg,1
2094.jpg,4
2095.jpg,3
2096.jpg,1
2097.jpg,4
2098.jpg,5
2099.jpg,1
2100.jpg,5
2101.jpg,5
2102.jpg,6
2103.jpg,2
2104.jpg,1
2105.jpg,3
2106.jpg,3
2107.jpg,1
2108.jpg,3
2109.jpg,1
2110.jpg,6
2111.jpg,1
2112.jpg,3
2113.jpg,1
2114.jpg,1
2115.jpg,2
2116.jpg,1
2117.jpg,2
2118.jpg,2
2119.jpg,3
2120.jpg,1
2121.jpg,3
2122.jpg,3
2123.jpg,3
2124.jpg,3
2125.jpg,2
2126.jpg,0
2127.jpg,4
2128.jpg,3
2129.jpg,3
2130.jpg,4
2131.jpg,3
2132.jpg,3
2133.jpg,4
2134.jpg,1
2135.jpg,1
2136.jpg,3
2137.jpg,0
